Aaron Santos						      |	Aaron Santos						     
Abdullah Jiao						      |	Abdullah Jiao						     
Adam Houssaye						      |	Adam Houssaye						     
Adam Zaripova						      |	Adam Zaripova						     
Adelinde Mangold					      |	Adelinde Mangold					     
Adonis Kitchens						      |	Adonis Kitchens						     
Adrienne Buntic						      |	Adrienne Buntic						     
							      |								     
							      |								     
							      |								     
							      |								     
							      |								     
Adrienne Kreanga					      |	Adrienne Kreanga					
							      <
Afgan Mrvaljevic					     	Afgan Mrvaljevic					     
Agnese Bartakova					      |	Agnese Bartakova					     
Agnieszka Iersel					      |	Agnieszka Iersel					
Ahmed Chammartin					      |	Ahmed Chammartin					
Ahmed Elkawiseh							Ahmed Elkawiseh						
Ahmed Korzeniowski					      |	Ahmed Korzeniowski					     
Ahmed Kurthy						      |	Ahmed Kurthy						     
Ahmed Magdanis						      |	Ahmed Magdanis						     
Ahmed Saladuha						      |	Ahmed Saladuha						
Ai REICHSTAEDTER					      |	Ai REICHSTAEDTER					     
Aida Ganiel						      |	Aida Ganiel						     
							      |								     
							      |								     
Ainhoa Taylor						      |	Ainhoa Taylor						
Akeem Ngake						      |	Akeem Ngake						     
Aksana Baniotis						      |	Aksana Baniotis						     
Akvile Saedeleer					      |	Akvile Saedeleer					     
Al Shaw							      |	Al Shaw							     
Alana Thiam						      |	Alana Thiam						
Albert Barthel						      |	Albert Barthel						
Alberto Bauza						      |	Alberto Bauza						     
Alberto Vidal						      |	Alberto Vidal						     
Aldo Cerkovskis						      |	Aldo Cerkovskis						
Aldo Nicolas							Aldo Nicolas						
Alejandra Ndong						      |	Alejandra Ndong						     
Alejandro Collins					      |	Alejandro Collins					
Aleks Eisel						      |	Aleks Eisel						     
Aleksandar Atafi					      |	Aleksandar Atafi					     
Aleksandar Sandell					      |	Aleksandar Sandell					
Aleksandr Holliday					      |	Aleksandr Holliday					     
Aleksandr Rutherford					      |	Aleksandr Rutherford					
							      |								     
							      |								     
Aleksei Rouwendaal					      |	Aleksei Rouwendaal					
Aleksei Wang						      |	Aleksei Wang						
Alena Davis						      |	Alena Davis						     
Alex Hosnyanszky					      |	Alex Hosnyanszky					     
Alex Kim						      |	Alex Kim						
Alex Nichols						      |	Alex Nichols						
Alexa Loch						      |	Alexa Loch						     
Alexander Herrera					      |	Alexander Herrera					     
							      |								     
							      |								     
							      |								     
Alexandr Liu						      |	Alexandr Liu						
Alexandra Solja						      |	Alexandra Solja						     
Alexandru Govers					      |	Alexandru Govers					     
Alexey Gille						      |	Alexey Gille						     
							      <
							      <
Alexis Diaz						      <
Ali Jallouz						      <
							      <
Ali Milthaler						      <
Alicja Kamionobe					      <
							     								     
							      >	Alexis Diaz						
							      >	Ali Jallouz						     
							     								     
							      >	Ali Milthaler						
							      >	Alicja Kamionobe					     
							     								     
							     								     
							     								     
Alistair McGeorge					      |								     
							      |								     
Allison Musinschi					      |	Alistair McGeorge					
Almensh Zbogar						      |								     
Alvaro Tanatarov					      |	Allison Musinschi					
Alvaro Viljoen						      |	Almensh Zbogar						
Aman Schulte						      |	Alvaro Tanatarov					
Amel Kim						      |	Alvaro Viljoen						
							      >	Aman Schulte						     
							      >	Amel Kim						     
							     								     
							     								     
Amine Lin							Amine Lin						
Amine Najar						      |	Amine Najar						     
Amy Kim							      |	Amy Kim							     
Ana Dukic						      |	Ana Dukic						     
Ana Pavia						      |	Ana Pavia						     
Ana Reilly						      |	Ana Reilly						     
Ana Tursunov						      |	Ana Tursunov						     
Anabel Dominguez					      |	Anabel Dominguez					     
Anabel Kal						      |	Anabel Kal						     
Anastasiya Rupp						      |	Anastasiya Rupp						     
Ancuta Emmons						      |	Ancuta Emmons						     
Andela Meauri						      |	Andela Meauri						     
Anderson Guo						      |	Anderson Guo						     
Andile Li						      |	Andile Li						     
Andisiwe Graham						      |	Andisiwe Graham						
Andja Gabriele						      |	Andja Gabriele						     
							      |								     
Andre Romeu						      |	Andre Romeu						
Andre Takatani						      |	Andre Takatani						     
Andrea Desta						      |	Andrea Desta						     
Andrea Lammers						      |	Andrea Lammers						
Andrea Reilly						      |	Andrea Reilly						     
Andreas Okruashvili					      |	Andreas Okruashvili					     
Andreas Paonessa					      |	Andreas Paonessa					
Andreas Sinia						      |	Andreas Sinia						     
							     								     
Andrei Masna							Andrei Masna						
Andres Liu						      |	Andres Liu						     
Andrew Negrean						      |	Andrew Negrean						     
Andrija Peker						      |	Andrija Peker						     
							      <
							      <
							      <
Andriy Hrachov						     	Andriy Hrachov						     
Andy Maier						      |	Andy Maier						
Anett Kamaruddin					      |	Anett Kamaruddin					     
Anfisa Whalan						      |	Anfisa Whalan						     
Angelica Lopez						      |	Angelica Lopez						     
Angelo Uhl						      |	Angelo Uhl						     
Aniko Ahmed						      |	Aniko Ahmed						     
							      |								     
							      |								     
							      |								     
Anna Hosking						      |	Anna Hosking						
Anna Menkov						      |	Anna Menkov						     
Anna Scozzoli						      |	Anna Scozzoli						     
Anna Tomic						      |	Anna Tomic						     
Annabel Church						      |	Annabel Church						
Annamaria Yi						      |	Annamaria Yi						     
Anne-Sophie Gustavsson					      |	Anne-Sophie Gustavsson					     
Annemiek Arikan						      |	Annemiek Arikan						     
Annie Ali						      |	Annie Ali						     
Anthony Dahlgren					      |	Anthony Dahlgren					
Anthony Kudlicka					      |	Anthony Kudlicka					     
Anthony Mizutani					      |	Anthony Mizutani					     
Antoinette Silva					      |	Antoinette Silva					     
Anton Dlamini						      |	Anton Dlamini						
Antonia Gercsak						      |	Antonia Gercsak						     
Anzor Gu						      |	Anzor Gu						     
Aoife Pyrek						      |	Aoife Pyrek						     
Apostolos Sharp						      |	Apostolos Sharp						     
Ardo Mastyanina						      |	Ardo Mastyanina						     
Aretha Hatton						      |	Aretha Hatton						     
Ariane Nazarova						      |	Ariane Nazarova						     
Arianna Lauro						      |	Arianna Lauro						     
Aries Coston							Aries Coston						
Arlene Navarro						      |	Arlene Navarro						     
Arnaud Feck						      |	Arnaud Feck						     
Arnaud Gonzalez						      |	Arnaud Gonzalez						     
Artem Sanchez						      |	Artem Sanchez						     
Artur Munkhbaatar					      |	Artur Munkhbaatar					     
Artur Teltull						      |	Artur Teltull						
Asafa Robles						      |	Asafa Robles						     
Asgeir Dzerkal						      |	Asgeir Dzerkal						     
							      |								     
							      <
							      <
							      <
							      <
							      <
							     								     
							     								     
							     								     
Ashley Saramotins					      |	Ashley Saramotins					
Asier Filonyuk						      |	Asier Filonyuk						     
Astrida Roche						      |	Astrida Roche						     
Asumi Colo						      |	Asumi Colo						
Athina Kula						      |	Athina Kula						     
Atthaphon Starovic					      |	Atthaphon Starovic					     
Attila Sullivan						      |	Attila Sullivan						     
Attila Tafatatha					      |	Attila Tafatatha					     
Audrey Pulgar						      |	Audrey Pulgar						     
Augustin Lozano							Augustin Lozano						
Austra Sekyrova						      |	Austra Sekyrova						     
Automne Moline						      |	Automne Moline						     
Ava Rusakova						     	Ava Rusakova						     
Aylin Maurer						      |	Aylin Maurer						     
Ayman Kaliberda						      |	Ayman Kaliberda						     
Ayman Suursild						      |	Ayman Suursild						     
Aymen Bespalova						      |	Aymen Bespalova						     
Ayouba Carrington					      |	Ayouba Carrington					
Azneem Sharapova					      |	Azneem Sharapova					     
Azusa Perkins						      |	Azusa Perkins						     
Barbora Parellis					      |	Barbora Parellis					     
Barry Utanga						      |	Barry Utanga						     
							      |								     
Bashir Krovyakov						Bashir Krovyakov					
							      |								     
							      |								     
Beatriz Nooijer						      |	Beatriz Nooijer						
Becky Wozniak						      |	Becky Wozniak						     
							      |								     
Benjamin Bilici						      |	Benjamin Bilici						
Benjamin Kempas						      |	Benjamin Kempas						     
Benjamin Kuramagomedov					      |	Benjamin Kuramagomedov					     
							      |								     
							      |								     
							      |								     
Beth Andrade						      |	Beth Andrade						
							      |								     
Betkili Betts							Betkili Betts						
Bianca Coleman							Bianca Coleman						
Bianca Sekyrova						      |	Bianca Sekyrova						     
Bilel Lazuka						      |	Bilel Lazuka						     
Bin Iersel						      |	Bin Iersel						
Birhan Ryan						      |	Birhan Ryan						     
Bjorn Couch						      |	Bjorn Couch						     
Blair Stratton						      |	Blair Stratton						     
Boglarka Vacenovska					      |	Boglarka Vacenovska					     
Bohdan Kostelecky					      |	Bohdan Kostelecky					     
Boniface Eichfeld					      |	Boniface Eichfeld					     
Boniface Kanis						      |	Boniface Kanis						
Brad Ogimi						      |	Brad Ogimi						     
Brady Ruciak						      |	Brady Ruciak						     
Braian Osayomi						      |	Braian Osayomi						     
Brendan Mendy						      |	Brendan Mendy						     
Brent Queen						      |	Brent Queen						     
Brian Boyer							Brian Boyer						
Brice Agliotti						      |	Brice Agliotti						     
Britany Charlos						      |	Britany Charlos						     
Britany Oatley						      |	Britany Oatley						     
Brittany Askarov					      |	Brittany Askarov					
Bruno Kiryienka						      |	Bruno Kiryienka						     
Bruno Oliver						      |	Bruno Oliver						     
Bruno Szarenski						      |	Bruno Szarenski						     
Bumyoung Soares						      |	Bumyoung Soares						     
Burcu Bacsi						      |	Burcu Bacsi						     
Byungchul Lee						      |	Byungchul Lee						     
Byunghee Filipe						      |	Byunghee Filipe						     
Caitlin Carli						      |	Caitlin Carli						     
Camille Andersen					      |	Camille Andersen					
Carine Karakus						      |	Carine Karakus						     
Carla Anderson						      |	Carla Anderson						     
Carles Solesbury					      |	Carles Solesbury					     
Carlos Dyatchin						      |	Carlos Dyatchin						     
							      |								     
Carlos Hall						      |	Carlos Hall						
Carlos Mellouli						      |	Carlos Mellouli						     
Carlos Yakimenko					      |	Carlos Yakimenko					
Carole Adams						      |	Carole Adams						     
Carole Pyatt						      |	Carole Pyatt						     
Carolina Wang						      |	Carolina Wang						     
Caroline Denayer					      |	Caroline Denayer					     
Caroline Kirdyapkina					      |	Caroline Kirdyapkina					     
Caroline Warlow						      |	Caroline Warlow						     
Carrie Spellerberg					      |	Carrie Spellerberg					     
Casey Cullen						      |	Casey Cullen						     
Casey Hardy						      |	Casey Hardy						     
Cecilia Clapcich					      |	Cecilia Clapcich					     
Cedric Subotic						      |	Cedric Subotic						     
Celeste Lapi						      |	Celeste Lapi						     
Chana Borges-Mendelblatt				      |	Chana Borges-Mendelblatt				     
Chantae Matuhin						      |	Chantae Matuhin						     
Charline Chen							Charline Chen						
Charlotte Kachalova						Charlotte Kachalova					
Charlotte Ranfagni					      |	Charlotte Ranfagni					
Chelsea Thiele						      |	Chelsea Thiele						
							      |								     
Chia Bleasdale						      |	Chia Bleasdale						
Chia England						      |	Chia England						     
Chia Hilario						      |	Chia Hilario						
							      |								     
Chia-Ying Djokovic					      |	Chia-Ying Djokovic					
Chien-Ying Fraser-Holmes				      |	Chien-Ying Fraser-Holmes				     
Christian Brata						      |	Christian Brata						     
Christian Godin						      |	Christian Godin						     
Christian Zambrano					      |	Christian Zambrano					     
Christin Brown						      |	Christin Brown						     
Christina Maneephan					      |	Christina Maneephan					     
Christina Petukhov					      |	Christina Petukhov					     
Christine Heglund					      |	Christine Heglund					     
Christinna Hudnut					      |	Christinna Hudnut					     
Christophe Tanii					      |	Christophe Tanii					     
Christopher Gkolomeev					      |	Christopher Gkolomeev					     
Christopher Philippe					      |	Christopher Philippe					     
Christopher Shubenkov					      |	Christopher Shubenkov					     
Christos Jo						      |	Christos Jo						     
Chuyoung Sokolowska					      |	Chuyoung Sokolowska					     
							      <
Cian Purnell							Cian Purnell						
Claire Murphy						      |	Claire Murphy						     
Clara Fuentes						      |	Clara Fuentes						     
Clara Jeong						      |	Clara Jeong						     
Claudia Butkevych					     	Claudia Butkevych					     
Claudia Platnitski					      |	Claudia Platnitski					     
Clemens Mulabegovic					      |	Clemens Mulabegovic					     
Colin Nakayama						      |	Colin Nakayama						     
							      <
Concepcion Vasilevskis					     	Concepcion Vasilevskis					     
Conrad Ji						      |	Conrad Ji						     
Constantina Nagel						Constantina Nagel					
Coolboy Tian						      |	Coolboy Tian						     
Corine Kashirina					      |	Corine Kashirina					
Cory Munoz						      |	Cory Munoz						     
Courtney Yankey						      |	Courtney Yankey						
Craig Jaramillo						      |	Craig Jaramillo						     
Crispin Terraza						      |	Crispin Terraza						     
Cristian Ghasemi					      |	Cristian Ghasemi					     
Cristiane Forciniti					      |	Cristiane Forciniti					     
Da-Woon Morkov						      |	Da-Woon Morkov						     
							      <
Dalibor Vidal							Dalibor Vidal						
Damir Hendershot					      |	Damir Hendershot					     
Dan Sinker						      |	Dan Sinker						     
Dani Loukas						      |	Dani Loukas						     
Daniel Blazhevski					      |	Daniel Blazhevski					     
Daniel Hayashi						      |	Daniel Hayashi						     
							      |								     
							      |								     
							      |								     
							      |								     
Daniel Loyden						      |	Daniel Loyden						
Daniel Verdasco						      |	Daniel Verdasco						     
Daniela Gavnholt					      |	Daniela Gavnholt					     
Daniela O'malley					      |	Daniela O'malley					     
Daniele Babaryka						Daniele Babaryka					
Daniele Nurmukhambetova					      |	Daniele Nurmukhambetova					     
Danielys Butler						      |	Danielys Butler						
Danijel Carriqueo					      |	Danijel Carriqueo					
Danila Henao						      |	Danila Henao						     
							      <
							      <
Danilo Chabbey						     	Danilo Chabbey						     
Dante Ma						      |	Dante Ma						     
Darae Elsayed						      |	Darae Elsayed						     
Daria Palermo						      |	Daria Palermo						     
Darrel Yamane						      |	Darrel Yamane						     
Darya Wu						      |	Darya Wu						     
Dauren Smulders						      |	Dauren Smulders						     
David Al-Athba						      |	David Al-Athba						     
							      |								     
							      |								     
David Jeong						      |	David Jeong						
David Lashin						      |	David Lashin						     
David Male						      |	David Male						     
David Moutton						      |	David Moutton						
David Rossi						      |	David Rossi						     
David Schuh						      |	David Schuh						
David Yaroshchuk					      |	David Yaroshchuk					     
Davit Asano						      |	Davit Asano						     
Debbie Mohamed						      |	Debbie Mohamed						     
DeeDee Montoya						      |	DeeDee Montoya						
							      |								     
							      |								     
							      |								     
Deni Yao						      |	Deni Yao						
Denis Gonzalez						      |	Denis Gonzalez						     
							      |								     
							      |								     
							      |								     
							      |								     
							      <
Deron Estanguet							Deron Estanguet						
Desiree Inglis						      |	Desiree Inglis						     
Desiree Kavcic						      |	Desiree Kavcic						
Destinee Kucana						      |	Destinee Kucana						     
Didier Munoz							Didier Munoz						
Diego Dahlkvist						      |	Diego Dahlkvist						     
							     								     
Diego Smith						      |	Diego Smith						
							      >								     
							      >								     
							      >	Dieter Schooling					
							      >	Dilshod Allen						     
							      >	Dirkie Yun						     
							      >	Dmitriy Montano						     
							      >	Dmytro Arms						     
							     								     
							      <
Dieter Schooling					      <
Dilshod Allen						      <
Dirkie Yun						      <
Dmitriy Montano						      <
Dmytro Arms						      <
							      <
							     								     
Dmytro Golding							Dmytro Golding						
Dobrivoje Mogawane					      |	Dobrivoje Mogawane					     
Dominic Seppala						      |	Dominic Seppala						     
Dominique Hall						      |	Dominique Hall						     
Donald Guderzo						      |	Donald Guderzo						     
Dong-Young Kim						      |	Dong-Young Kim						     
Donglun Borlee						      |	Donglun Borlee						
Dora Veljkovic						      |	Dora Veljkovic						     
Dorian Sauer						      |	Dorian Sauer						     
Doris Wilke						      |	Doris Wilke						     
Dorothy Abdvali						      |	Dorothy Abdvali						     
							      <
							      <
							      <
							      <
							      <
							      <
							      <
Dragos Stone						     	Dragos Stone						     
							      <
Duane Skvortsov						     	Duane Skvortsov						     
Duhaeng Agren						     	Duhaeng Agren						     
Dylan Espinosa						      |	Dylan Espinosa						
Ebrahim Baggaley					      |	Ebrahim Baggaley					     
Edino Fuchs						      |	Edino Fuchs						     
Edith Sofyan						      |	Edith Sofyan						     
Eduarda Bartonova					      |	Eduarda Bartonova					
							      |								     
Edwige Henderson					      |	Edwige Henderson					
Ekaterina Hernandez					      |	Ekaterina Hernandez					     
							      |								     
							      |								     
El Rooney						      |	El Rooney						
El Toth							      |	El Toth							     
Elea Li							      |	Elea Li							     
Elena Belyakova						      |	Elena Belyakova						     
Elena Coster						      |	Elena Coster						     
Elena Falgowski						      |	Elena Falgowski						     
Elena Quinonez						      |	Elena Quinonez						
Elia Gittens						      |	Elia Gittens						     
Elisabeth Santos					      |	Elisabeth Santos					     
Elizabeth Cheon						      |	Elizabeth Cheon						     
Ellen Liivamagi						      |	Ellen Liivamagi						     
Elodie Arcioni						      |	Elodie Arcioni						     
Eloise Balooshi						      |	Eloise Balooshi						     
Emanuele Hussein					      |	Emanuele Hussein					     
Emma Alphen						      |	Emma Alphen						     
Emma Celustka						      |	Emma Celustka						     
Emma Chadid						      |	Emma Chadid						     
							      <
							      <
							      <
							      <
							      <
							      <
							      <
Emma Wei							Emma Wei						
							      |								     
							      |								     
							      |								     
							      <
							      <
Endene Samsonov							Endene Samsonov						
Endri Clijsters						      |	Endri Clijsters						     
Erasmus Flood						      |	Erasmus Flood						     
Erasmus Perez						      |	Erasmus Perez						     
Eric Sawa						      |	Eric Sawa						     
							      |								     
Eric Silva						      |	Eric Silva						
Erica Nakagawa						      |	Erica Nakagawa						     
Erick Fedoriva						      |	Erick Fedoriva						     
Errol Benes						      |	Errol Benes						     
							      |								     
							      |								     
							      |								     
							      |								     
Eusebio Wallace						      |	Eusebio Wallace						
Eva Hirata						      |	Eva Hirata						     
Eva-Maria Speirs					      |	Eva-Maria Speirs					     
Evgeni McDonald						      |	Evgeni McDonald						     
Ewelina Safronov					      |	Ewelina Safronov					     
Fabiana Boussoughou					      |	Fabiana Boussoughou					     
Fabiana Hortness					      |	Fabiana Hortness					     
Fabienne Bouw						      |	Fabienne Bouw						     
Fabio Figes						      |	Fabio Figes						     
Fabio Truppa						      |	Fabio Truppa						     
							      |								     
Faith Kim						      |	Faith Kim						
Fanny Castillo						      |	Fanny Castillo						
Fantu Nikcevic						      |	Fantu Nikcevic						     
Fateh Kovalev						      |	Fateh Kovalev						     
Fatih Eisel						      |	Fatih Eisel						     
Felix Verbij						      |	Felix Verbij						     
Femke Gelana						      |	Femke Gelana						     
Ferdinand Clair						      |	Ferdinand Clair						     
Ferenc Aydarski						      |	Ferenc Aydarski						     
Ferenc Savsek						      |	Ferenc Savsek						     
Fernanda Purchase					      |	Fernanda Purchase					
Filippos Sinkevich					      |	Filippos Sinkevich					     
Fineza Primorac						      |	Fineza Primorac						     
Flor Jonas						      |	Flor Jonas						     
Flor Magnini						      |	Flor Magnini						     
Florian Filova						      |	Florian Filova						     
Francesca Rowbotham					      |	Francesca Rowbotham					     
Francis Thiele						      |	Francis Thiele						     
Francisca Mocsai					      |	Francisca Mocsai					     
Francisco Irvine					      |	Francisco Irvine					     
Francois Spanovic					      |	Francois Spanovic					     
Gabor Hochstrasser					      |	Gabor Hochstrasser					     
Gabor Palies						      |	Gabor Palies						     
Gabriella Sarup						      |	Gabriella Sarup						     
Gabrielle Raudaschl					      |	Gabrielle Raudaschl					     
Gabrielle Tikhomirova					      |	Gabrielle Tikhomirova					
Gal Pascual						      |	Gal Pascual						     
Ganna Zonta						      |	Ganna Zonta						     
Gauthier Alimzhanov					      |	Gauthier Alimzhanov					     
Gavin Sobhi						      |	Gavin Sobhi						     
Geoffrey Plotyczer					      |	Geoffrey Plotyczer					     
George Fuente						      |	George Fuente						     
George Gogoladze					      |	George Gogoladze					     
George Matsuda						      |	George Matsuda						     
Georgie Santos						      |	Georgie Santos						     
Georgina Manojlovic					      |	Georgina Manojlovic					     
							      |								     
							      |								     
Georgina Zuniga						      |	Georgina Zuniga						
Georgios Antal						      |	Georgios Antal						     
Georgios Kostiw						      |	Georgios Kostiw						     
Geraint Traore						      |	Geraint Traore						     
Gia Yoon						      |	Gia Yoon						
							      <
							      <
							      <
							      <
Gideon Kowal						     	Gideon Kowal						     
Gilberto Bergdich					      |	Gilberto Bergdich					     
Gilles Zhang						     	Gilles Zhang						     
Giorgia Borisenko					      |	Giorgia Borisenko					     
Giovani Alflaij						      |	Giovani Alflaij						
Giulia Schwanitz					      |	Giulia Schwanitz					     
Glenn Defar						      |	Glenn Defar						     
Glenn Gonzalez						      |	Glenn Gonzalez						     
Glenn Liivamagi						      |	Glenn Liivamagi						     
Gonzalo Mirzoyan					      |	Gonzalo Mirzoyan					     
Gonzalo Pacheco						      |	Gonzalo Pacheco						     
							      |								     
							      <
							      <
							      <
							      <
							      <
							      <
Grainne Ross							Grainne Ross						
Grant Watkins						      |	Grant Watkins						     
Greggmar Benassi					      |	Greggmar Benassi					     
Greta Apolonia						      |	Greta Apolonia						     
Grigor Suuto						      |	Grigor Suuto						
Guido Kanerva						      |	Guido Kanerva						
Guilherme Latt						      |	Guilherme Latt						
							      <
							      <
Gulcan Burling							Gulcan Burling						
Gulnara Deeva						      |	Gulnara Deeva						     
Gulsah Makarova							Gulsah Makarova						
Gundegmaa El-Sheryf					      |	Gundegmaa El-Sheryf					
Guojie Timofeyeva					      |	Guojie Timofeyeva					     
Haakan Okrame						      |	Haakan Okrame						     
Habibollah Smith					      |	Habibollah Smith					     
							      |								     
							      |								     
							      |								     
Hajung Cardona						      |	Hajung Cardona						
Hakim Nyantai						      |	Hakim Nyantai						
Hakim Svennerstal					      |	Hakim Svennerstal					     
Hamid David							Hamid David						
Hamza Tomecek						      |	Hamza Tomecek						     
Hang Slimane						      |	Hang Slimane						     
Hanna Gynther						      |	Hanna Gynther						     
Hanna Shaito						      |	Hanna Shaito						     
Hannah Barker						      |	Hannah Barker						     
Hannah Lozano						      |	Hannah Lozano						     
Hans Haldane						      |	Hans Haldane						     
Hao Fukumoto						      |	Hao Fukumoto						     
Haojie Fernandez					      |	Haojie Fernandez					     
Hassan Nichols						      |	Hassan Nichols						     
Hector Moutoussamy					      |	Hector Moutoussamy					     
							      <
							      <
Heiki Outteridge					     	Heiki Outteridge					     
Helen Cheywa						     	Helen Cheywa						     
Hendrik Tetyukhin					      |	Hendrik Tetyukhin					     
Henk Lee						      |	Henk Lee						     
Henna Causeur						      |	Henna Causeur						     
Henri Navruzov						      |	Henri Navruzov						     
Hicham Hendershot					      |	Hicham Hendershot					     
Hichem Schwarz							Hichem Schwarz						
Hiroshi Schuring					      |	Hiroshi Schuring					     
Ho Thunebro						      |	Ho Thunebro						     
Holder Lamont						      |	Holder Lamont						     
Honami Kozhenkova					      |	Honami Kozhenkova					
Hongxia Tan						      |	Hongxia Tan						     
Hope Cseh						      |	Hope Cseh						     
Hotaru Terceira						      |	Hotaru Terceira						     
Hovhannes Piccinini					      |	Hovhannes Piccinini					     
Huajun Kerber						      |	Huajun Kerber						     
Hui Ahmed						      |	Hui Ahmed						     
Hui Akutsu						     	Hui Akutsu						     
							      <
Hung Mutlu						     	Hung Mutlu						     
Hyelim Villaplana					      |	Hyelim Villaplana					     
Hyok Maciulis						      |	Hyok Maciulis						
Hyok Martinez						      |	Hyok Martinez						     
Iain Hartig						      |	Iain Hartig						     
Iain Kossayev						      |	Iain Kossayev						
Ian Rhodes						      |	Ian Rhodes						     
Iaroslav Jakabos					      |	Iaroslav Jakabos					
Ibrahim Seoud						      |	Ibrahim Seoud						     
Ibrahima Louw						      |	Ibrahima Louw						     
Ihar Radwanska						      |	Ihar Radwanska						     
Iker Franek						      |	Iker Franek						     
Inaki Milanovic-Litre					      |	Inaki Milanovic-Litre					     
Inaki Miller						      |	Inaki Miller						     
Inaki Murphy						      |	Inaki Murphy						     
Ines Kovtunovskaia					      |	Ines Kovtunovskaia					     
Ingrid Fogarty						      |	Ingrid Fogarty						     
Ingrid Papachristos					      |	Ingrid Papachristos					     
Inmara Castro						      |	Inmara Castro						     
							      <
							      <
							      <
							      <
							      <
Inna Yu							     	Inna Yu							     
Ioannis Martinez					      |	Ioannis Martinez					
Ioannis Mockenhaupt					      |	Ioannis Mockenhaupt					     
Iosif Wang						      |	Iosif Wang						     
Ioulietta Assefa						Ioulietta Assefa					
Irada Velthooven					      |	Irada Velthooven					     
Irene Kreisinger					      |	Irene Kreisinger					     
Irene Russell						      |	Irene Russell						
							      |								     
							      |								     
Irina Song						      |	Irina Song						
Irina Treimanis						      |	Irina Treimanis						     
Irina-Camelia Wilson					      |	Irina-Camelia Wilson					     
Iryna Radovic						      |	Iryna Radovic						     
Isiah Lacuna						      |	Isiah Lacuna						     
Iuliana Costa							Iuliana Costa						
Ivan Caballero						      |	Ivan Caballero						     
Ivan Christou						      |	Ivan Christou						     
Ivan Edelman						     	Ivan Edelman						     
							      |								     
							      |								     
							      |								     
							      |								     
Ivana Grubisic						      |	Ivana Grubisic						
							      |								     
							      |								     
Iveta Blagojevic					      |	Iveta Blagojevic					
Ivo Bagdonas						      |	Ivo Bagdonas						     
Jack Shafar						      |	Jack Shafar						
Jacques Ramonene					      |	Jacques Ramonene					     
Jacqui Maher							Jacqui Maher						
Jade Jallouz							Jade Jallouz						
Jade Kopac						      |	Jade Kopac						     
Jaele Sharp						      |	Jaele Sharp						
Jaime Bruno						      |	Jaime Bruno						
Jaime Zhang						      |	Jaime Zhang						     
Jake Claver						      |	Jake Claver						     
Jakub Gondos						      |	Jakub Gondos						     
Jamale Fu						      |	Jamale Fu						
James Hsiao						      |	James Hsiao						     
James Padilla						      |	James Padilla						     
James Pohrebnyak					      |	James Pohrebnyak					     
James Rosic						      |	James Rosic						     
							      |								     
							      |								     
James Seferovic						      |	James Seferovic						
James Siuzeva						      |	James Siuzeva						     
James Yallop						      |	James Yallop						     
Jamie Kim						      |	Jamie Kim						     
Jamila Rodhe							Jamila Rodhe						
Jan Gramkov						      |	Jan Gramkov						     
Jan Merzougui						      |	Jan Merzougui						     
Jane Paonessa						      |	Jane Paonessa						     
Jane Trotter						      |	Jane Trotter						     
							      |								     
Jangy Scott-Arruda					      |	Jangy Scott-Arruda					
Jarmila Hallgrimsson					      |	Jarmila Hallgrimsson					     
Jarrod Kovalenko					      |	Jarrod Kovalenko					     
Javier Volosova						      |	Javier Volosova						     
Jayde Madarasz						      |	Jayde Madarasz						
Jayme Suarez						      |	Jayme Suarez						
Jean Andrunache						      |	Jean Andrunache						     
							      |								     
Jean-Christophe Kirkham					      |	Jean-Christophe Kirkham					
							      <
							      <
							      <
							      <
							      <
Jehue Wild						     	Jehue Wild						     
Jelena Febrianti					      |	Jelena Febrianti					     
Jemma Mayr						      |	Jemma Mayr						     
Jemma Wang						      |	Jemma Wang						     
							      |								     
Jeneba Lee						      |	Jeneba Lee						
Jennifer Athanasiadis					      |	Jennifer Athanasiadis					     
Jennifer Kim						      |	Jennifer Kim						     
Jennifer Marco						      |	Jennifer Marco						     
Jennifer Medwood					      |	Jennifer Medwood					     
Jens Lavrentyev						      |	Jens Lavrentyev						     
Jeremiah Dean						      |	Jeremiah Dean						     
Jeremy Bowers							Jeremy Bowers						
Jessica Ochoa						      |	Jessica Ochoa						     
Jessica Unger						      |	Jessica Unger						     
Jesus Barrett						      |	Jesus Barrett						     
Jiaduo Calzada						      |	Jiaduo Calzada						     
Jianbo Janikowski					      |	Jianbo Janikowski					     
Jianbo Megannem						      |	Jianbo Megannem						     
Jiao Faulds						      |	Jiao Faulds						     
Jie Gebremariam						      |	Jie Gebremariam						     
Jing Aponte						      |	Jing Aponte						     
Jinhui Brens						      |	Jinhui Brens						     
Jinyan Bernard-Thomas					      |	Jinyan Bernard-Thomas					     
							      |								     
							      <
							      <
							      <
							     								     
Jitka Tranter						      |								     
Jo-Ting Losev						      |								     
							      >								     
							      >	Jitka Tranter						
							      >	Jo-Ting Losev						     
Jo-Wilfried Schornberg						Jo-Wilfried Schornberg					
Joan Fudge						      |	Joan Fudge						     
Joanna Ayvazyan						      |	Joanna Ayvazyan						     
Joao Brecciaroli					      |	Joao Brecciaroli					     
Joao Ziadi						      |	Joao Ziadi						     
Job Kretschmer						      |	Job Kretschmer						     
Joe Germuska						      |	Joe Germuska						     
Joel Giordano						      |	Joel Giordano						     
Joel Tverdohlib						      |	Joel Tverdohlib						
							      <
Johan Arvaniti							Johan Arvaniti						
Johana Carman							Johana Carman						
							      |								     
							      |								     
Johannes Berna						      |	Johannes Berna						
John Keefe						      |	John Keefe						     
Jolanta Vives						      |	Jolanta Vives						     
Jonas Vlcek						      |	Jonas Vlcek						
Jonathan Munoz						      |	Jonathan Munoz						     
Jong Borysik						      |	Jong Borysik						     
Jong Stoney						      |	Jong Stoney						     
Jongeun Kabush						      |	Jongeun Kabush						     
Jordan Panizzon						      |	Jordan Panizzon						
Jordan Voglsang						      |	Jordan Voglsang						     
Jorge Lambert						      |	Jorge Lambert						
Jorge Wilhelm						      |	Jorge Wilhelm						     
Jose Paldanius							Jose Paldanius						
Jose Pedersen						      |	Jose Pedersen						
Jose Uhl						      |	Jose Uhl						     
Josefin Ifadidou					      |	Josefin Ifadidou					     
Josefin Lamdassem					      |	Josefin Lamdassem					     
Joseph Last						      |	Joseph Last						     
Joseph Lin						      |	Joseph Lin						     
Joseph Nielsen						      |	Joseph Nielsen						
Joshua Capkova						      |	Joshua Capkova						     
Joyce Broersen						      |	Joyce Broersen						     
Joyce Kuehner						      |	Joyce Kuehner						     
Juan Kim						      |	Juan Kim						     
Juan Shankland						      |	Juan Shankland						     
Juan Tourn						      |	Juan Tourn						     
Judith Williams						      |	Judith Williams						     
Julian Mehmedi						      |	Julian Mehmedi						     
							      |								     
							      |								     
							      |								     
							      |								     
							      <
							      <
							      <
							     								     
							     								     
Julien Chen							Julien Chen						
Julieta Pars						      |	Julieta Pars						     
Jun Zhudina						      |	Jun Zhudina						     
Junjing Kang						      |	Junjing Kang						
Ka Caulker						      |	Ka Caulker						     
							      |								     
							      |								     
Ka Ilyes						      |	Ka Ilyes						
Kami Shabanov						      |	Kami Shabanov						     
Kamila Sakari						      |	Kamila Sakari						     
Kamilla Rietz						      |	Kamilla Rietz						     
Kanae Uriarte						      |	Kanae Uriarte						     
Kanako Zhang						      |	Kanako Zhang						     
Kaori Donahue						      |	Kaori Donahue						     
Karen Avermaet						      |	Karen Avermaet						     
Kari Halsted						      |	Kari Halsted						     
Karsten Thompson					      |	Karsten Thompson					     
Kaspar Brown						      |	Kaspar Brown						     
Kasper Addy						      |	Kasper Addy						     
Kasper You						      |	Kasper You						     
Katarzyna Gelana					      |	Katarzyna Gelana					     
Katarzyna Talay						     	Katarzyna Talay						     
Kate Bourihane						      |	Kate Bourihane						
Kate Pink							Kate Pink						
Kate Scheuber							Kate Scheuber						
Katerin Pliev						      |	Katerin Pliev						     
Katerina Riccobelli					      |	Katerina Riccobelli					     
Katerina Saenz						      |	Katerina Saenz						     
Katerine Podlesnyy					     	Katerine Podlesnyy					     
Kateryna Mitrea						      |	Kateryna Mitrea						
							      |								     
Katherine Luca							Katherine Luca						
Kathleen Jo						      |	Kathleen Jo						     
Kathleen Schmidt					      |	Kathleen Schmidt					     
Katie Park						      |	Katie Park						     
Katrien Na						      |	Katrien Na						     
Katya Baddeley						      |	Katya Baddeley						
Katya Kindzerska					      |	Katya Kindzerska					     
							      |								     
Kay Kouassi						      |	Kay Kouassi						
Kay Rosa						      |	Kay Rosa						
Kayla Kim						      |	Kayla Kim						
Kaylyn Chavanel						      |	Kaylyn Chavanel						     
Kazuki Leroy						      |	Kazuki Leroy						     
Keith Pavoni						      |	Keith Pavoni						
							      |								     
							     								     
Kelly Kulish							Kelly Kulish						
Kelly-Ann Sundberg					      |	Kelly-Ann Sundberg					     
Kelsey Bludova						      |	Kelsey Bludova						
Kelsey Grumier						      |	Kelsey Grumier						     
Kenny Faminou						     	Kenny Faminou						     
							      <
Keri-anne KORSIZ					      <
Keri-anne Kauter					      <
Kerron Lee						      <
							      <
Kevin Giovannoni					      <
Kevin Jeptoo						      <
Kevin Okori						      <
Kevin Zavala						      <
Khalil Shi						      <
Kimberley Obiang					      <
							     								     
							      >	Keri-anne KORSIZ					
							      >	Keri-anne Kauter					     
							      >	Kerron Lee						     
							      >								     
							      >	Kevin Giovannoni					
							      >	Kevin Jeptoo						     
							      >	Kevin Okori						     
							      >	Kevin Zavala						     
							      >	Khalil Shi						     
							      >	Kimberley Obiang					     
							     								     
							     								     
							     								     
							     								     
							     								     
							     								     
Klaas Wykes						      |								     
							      >	Klaas Wykes						
							     								     
Kobe Driebergen							Kobe Driebergen						
Koji Miyama						      |	Koji Miyama						     
Komeil Menchov						      |	Komeil Menchov						
Konstadinos Houghton					      |	Konstadinos Houghton					     
Konstadinos Voronov					      |	Konstadinos Voronov					
							     								     
Kozue Martinez							Kozue Martinez						
Krista Coci						      |	Krista Coci						     
Krista Dai						      |	Krista Dai						
Kristian Surgeloose					      |	Kristian Surgeloose					     
Kristian Yamaleu					      |	Kristian Yamaleu					     
Kristina Cerutti					      |	Kristina Cerutti					     
Kristina Hochstrasser					      |	Kristina Hochstrasser					     
Kristina Munro						      |	Kristina Munro						     
Kristina Sireau						      |	Kristina Sireau						     
Kristina Walton						      |	Kristina Walton						     
Kristy Zhu						      |	Kristy Zhu						     
Krisztian Ida						     	Krisztian Ida						     
							      <
							      <
Krystian Pen							Krystian Pen						
Kum Musil						      |	Kum Musil						     
Kumi Lewis-Francis					      |	Kumi Lewis-Francis					     
Kurt Tran-Swensen					      |	Kurt Tran-Swensen					     
Kwan Otsuka						      |	Kwan Otsuka						     
Kyle Koala						      |	Kyle Koala						
Kylie Ignaczak						      |	Kylie Ignaczak						     
Kyung Kaifuchi						      |	Kyung Kaifuchi						     
Kyung Steffensen					      |	Kyung Steffensen					     
Laetitia Manuel						      |	Laetitia Manuel						     
Lara Siegelaar						      |	Lara Siegelaar						     
Larisa Nagy						      |	Larisa Nagy						
Larry Lapin						      |	Larry Lapin						     
Laura Boyce						      |	Laura Boyce						     
Laura Dundar						      |	Laura Dundar						     
Laura Helgesson						      |	Laura Helgesson						     
Laura Neben						      |	Laura Neben						     
Laura Wu						      |	Laura Wu						     
Lauren Janistyn						      |	Lauren Janistyn						     
Lauren Johnson						      |	Lauren Johnson						     
Lauren Subotic						      |	Lauren Subotic						     
Laurence Zyabkina					      |	Laurence Zyabkina					     
Lauryn Bae						      |	Lauryn Bae						     
Lauryn Fujio						      |	Lauryn Fujio						     
Lauryn Powrie						      |	Lauryn Powrie						
Layne Smith						      |	Layne Smith						     
Leah Driel						      |	Leah Driel						     
Leandro Schuetze					      |	Leandro Schuetze					     
Leith Clear						      |	Leith Clear						     
Lesley Bithell						      |	Lesley Bithell						     
							      |								     
							      |								     
							      |								     
							      |								     
Levan Ingram							Levan Ingram						
Liam Maley						      |	Liam Maley						     
Liangliang Miller						Liangliang Miller					
							      <
							      <
Lidiia Ng							Lidiia Ng						
							      |								     
Lieuwe Lim						      |	Lieuwe Lim						
Ligia Czakova						      |	Ligia Czakova						     
							      |								     
Limei Ioannou						      |	Limei Ioannou						
Lina Al-Jumaili						      |	Lina Al-Jumaili						
Lina Hassine						      |	Lina Hassine						     
Lina Kubiak						      |	Lina Kubiak						     
Lina SCHIMAK						      |	Lina SCHIMAK						     
Lina Tjoka						      |	Lina Tjoka						     
Linda Lotfi						      |	Linda Lotfi						     
Line Emanuel						      |	Line Emanuel						     
Line Naylor						      |	Line Naylor						     
Ling Kromowidjojo					      |	Ling Kromowidjojo					
Ling Langridge						      |	Ling Langridge						
Lisa Peralta						      |	Lisa Peralta						     
Lisa Wang						      |	Lisa Wang						     
							      |								     
							      |								     
							      |								     
Lisbeth Savani						      |	Lisbeth Savani						
Lizeth Coertzen						      |	Lizeth Coertzen						     
							     								     
							     								     
							     								     
Lok Al-Athba							Lok Al-Athba						
							      |								     
Lorena Marenic						      |	Lorena Marenic						
Louis Zhou						      |	Louis Zhou						     
Lubov Begaj						      |	Lubov Begaj						     
Luc Reyes						      |	Luc Reyes						     
Lucia Berens						      |	Lucia Berens						     
Lucia Price						      |	Lucia Price						     
Luciano Ahmad						      |	Luciano Ahmad						     
Luciano Telde						      |	Luciano Telde						     
Lucie Kryvitski						      |	Lucie Kryvitski						     
Lucie Yang						      |	Lucie Yang						     
Lucy Maguire						      |	Lucy Maguire						     
Lucy Miller						      |	Lucy Miller						     
Lucy Nakaya						      |	Lucy Nakaya						     
Lucy Perez						      |	Lucy Perez						     
Lucy White						      |	Lucy White						     
Luigi Marshall						      |	Luigi Marshall						     
Luis Booth						      |	Luis Booth						     
Luis Grand						      |	Luis Grand						     
							      <
							      <
							      <
							      <
							      <
Luis Petkovic						     	Luis Petkovic						     
Lukasz Kovacs						      |	Lukasz Kovacs						     
Lukasz Rodrigues					      |	Lukasz Rodrigues					     
Luol Mooren						      |	Luol Mooren						     
Lyndsie Dudas						      |	Lyndsie Dudas						     
Lynsey Bailey						      |	Lynsey Bailey						
Lyubov Gunnewijk					      |	Lyubov Gunnewijk					     
Lyudmyla Dilmukhamedov					      |	Lyudmyla Dilmukhamedov					     
Maartje Fabian						      |	Maartje Fabian						     
Madonna Kim						      |	Madonna Kim						     
Magdalena Siladi					      |	Magdalena Siladi					     
Mahmoud Hession						      |	Mahmoud Hession						     
Mai Csernoviczki					      |	Mai Csernoviczki					     
Maialen Uriarte						      |	Maialen Uriarte						     
Maja Balykina						      |	Maja Balykina						     
Maja Orban						      |	Maja Orban						
Maksim Chibosso						      |	Maksim Chibosso						     
Malek Tomicevic						      |	Malek Tomicevic						     
Mana Konyot						      |	Mana Konyot						     
Mannad Khitraya						      |	Mannad Khitraya						     
Manuel Silva						      |	Manuel Silva						     
Manuela Syllabova					      |	Manuela Syllabova					
Maoxing Bedik						      |	Maoxing Bedik						     
Marc Ivezic						      |	Marc Ivezic						     
Marcel Gustafsson					      |	Marcel Gustafsson					     
Marcel Sigurdsson					      |	Marcel Sigurdsson					     
							      |								     
							      |								     
							      |								     
Marcelinho Pendrel						Marcelinho Pendrel					
Marcia Amri						      |	Marcia Amri						     
Marcin Cele						      |	Marcin Cele						     
Marcin Dyen						      |	Marcin Dyen						     
Marco Dries						      |	Marco Dries						     
							      |								     
Marcus Khalid						      |	Marcus Khalid						
Marcus Lahbabi						      |	Marcus Lahbabi						     
Marcus O'leary						      |	Marcus O'leary						     
							      |								     
Margaux Jung						      |	Margaux Jung						
							      <
							      <
Maria Arismendi						     	Maria Arismendi						     
Maria Drais						      |	Maria Drais						     
Maria Smith						      |	Maria Smith						     
Maria Steiner						      |	Maria Steiner						     
Mariaesthela O'connor					      |	Mariaesthela O'connor					
							      |								     
Marian Jager						      |	Marian Jager						
Mariana Selimau						      |	Mariana Selimau						     
Marianna Ford						      |	Marianna Ford						     
Marianne Li						      |	Marianne Li						     
Marie-Andree Dalby					      |	Marie-Andree Dalby					     
Mariela Mortelette					      |	Mariela Mortelette					     
Marin Absalon						      |	Marin Absalon						     
Marina Ma						      |	Marina Ma						
							      <
							      <
Marina Murphy							Marina Murphy						
Mario Boninfante					      |	Mario Boninfante					     
Marisa Rocamontes					      |	Marisa Rocamontes					     
Marjo Janusaitis					      |	Marjo Janusaitis					     
							      |								     
							      |								     
							      |								     
							      |								     
Mark Turner						      |	Mark Turner						
Marko Baltacha						      |	Marko Baltacha						     
Marleen Rodrigues					      |	Marleen Rodrigues					
Marlene Cabrera						      |	Marlene Cabrera						     
Marouan Ilyes						      |	Marouan Ilyes						     
Marquise Mohaupt					      |	Marquise Mohaupt					     
Martin Mozgalova					      |	Martin Mozgalova					     
							      |								     
							     								     
							     								     
							     								     
Martin Strebel							Martin Strebel						
Martina Voronov						      |	Martina Voronov						     
Marvin Peltier						      |	Marvin Peltier						     
Marvin Rice						      |	Marvin Rice						     
							      |								     
							      <
Mary Tomashova							Mary Tomashova						
Maryna Desprat						      |	Maryna Desprat						     
Massimo Groot						      |	Massimo Groot						     
Mate Montano						      |	Mate Montano						
Mateusz Metu						      |	Mateusz Metu						     
Mathew Phillips						      |	Mathew Phillips						     
Mathieu Pigot						     	Mathieu Pigot						     
Matias Tait						      |	Matias Tait						     
Matt Waite							Matt Waite						
							      |								     
Matteo Nieminen						      |	Matteo Nieminen						
							      |								     
							     								     
Matthieu Wang							Matthieu Wang						
Mattia Sanchez						      |	Mattia Sanchez						     
Maung Cammareri						      |	Maung Cammareri						     
							      |								     
							      |								     
							      |								     
Maximiliano Matsumoto					      |	Maximiliano Matsumoto					
Mayara Trinquier					      |	Mayara Trinquier					     
Meagen Spellerberg					      |	Meagen Spellerberg					     
Mebrahtom Fields					      |	Mebrahtom Fields					
Mechiel Maric						      |	Mechiel Maric						
Meiyu Iljustsenko					      |	Meiyu Iljustsenko					     
Mel Quinonez						      |	Mel Quinonez						     
Melaine Souleymane					      |	Melaine Souleymane					     
Melanie Disney-May					      |	Melanie Disney-May					
Melissa Guell						      |	Melissa Guell						     
Mercy Brusquetti					      |	Mercy Brusquetti					     
Meredith Yu						      |	Meredith Yu						     
Mervyn O'malley						      |	Mervyn O'malley						     
Mhairi French						      |	Mhairi French						     
Mhairi Sommer						      |	Mhairi Sommer						     
Micah Smith						      |	Micah Smith						     
Michael Gigli						      |	Michael Gigli						     
Michael Hammarstrom					      |	Michael Hammarstrom					     
Michael Hultzer						      |	Michael Hultzer						     
Michael Sinia						      |	Michael Sinia						     
Michael Sjostrand					      |	Michael Sjostrand					     
Michael Vasco						      |	Michael Vasco						     
Michal Bazlen						      |	Michal Bazlen						     
Michal Jakobsson					      |	Michal Jakobsson					     
							      <
							      <
Micheen Zhang						     	Micheen Zhang						     
Michel Sano						     	Michel Sano						     
Midori Seraphin						      |	Midori Seraphin						     
Mie Hall						      |	Mie Hall						     
Miguel Skujyte						      |	Miguel Skujyte						     
Mihnea Hamcho						      |	Mihnea Hamcho						     
Mikaela Iwao						      |	Mikaela Iwao						
							      <
							      <
							      <
							     								     
Mike Bostock							Mike Bostock						
							     								     
							     								     
Mikhail Polaczyk					      |	Mikhail Polaczyk					
Mikhail Vlcek							Mikhail Vlcek						
Miki Zhang						      |	Miki Zhang						     
Milena Vogel						      |	Milena Vogel						     
Milena Wojnarowicz					      |	Milena Wojnarowicz					
Miljan Henderson					      |	Miljan Henderson					     
Milos Pavoni						      |	Milos Pavoni						     
Mindaugas Saleh						     	Mindaugas Saleh						     
Minxia Yu						      |	Minxia Yu						     
Mirac Ariyoshi						      |	Mirac Ariyoshi						     
Miranda Mulligan						Miranda Mulligan					
Mirna Seck						      |	Mirna Seck						     
Miryam Dunnes						      |	Miryam Dunnes						     
							      |								     
Mizuho Suetsuna						      |	Mizuho Suetsuna						
							     								     
							     								     
Mohamed Koo							Mohamed Koo						
							     								     
Mohamed Silva						      |	Mohamed Silva						
Mohamed Thomas						      |	Mohamed Thomas						     
Mohammed Sakamoto					      |	Mohammed Sakamoto					     
Mojtaba Polyakov					      |	Mojtaba Polyakov					     
Mona Colupaev						      |	Mona Colupaev						     
Mona Taibi						      |	Mona Taibi						     
							      <
Monika Heidler						     	Monika Heidler						     
Monika Hwang							Monika Hwang						
							      |								     
							      |								     
Mostafa Kleen						      |	Mostafa Kleen						
Mouni Malaquias						      |	Mouni Malaquias						     
Muradjan Maeda						      |	Muradjan Maeda						     
Murilo Rohart						      |	Murilo Rohart						
Myung Kim						      |	Myung Kim						     
							      |								     
Myung McCafferty					      |	Myung McCafferty					
Nadia Jung						      |	Nadia Jung						     
Nadiezda Catlin						      |	Nadiezda Catlin						     
Nadzeya Allegrini					      |	Nadzeya Allegrini					     
Nahomi Jobodwana					      |	Nahomi Jobodwana					     
Nam Baga						      |	Nam Baga						     
Nan Gionis						      |	Nan Gionis						     
Nanne Maree						      |	Nanne Maree						     
Naomi Gattsiev						      |	Naomi Gattsiev						
Natalia Akwu						      |	Natalia Akwu						     
Natalia Benedetti					      |	Natalia Benedetti					     
Natalia Child						      |	Natalia Child						     
Natalia Gatlin						      |	Natalia Gatlin						     
Natalia Kim						      |	Natalia Kim						
							      |								     
Natalia Manaudou					      |	Natalia Manaudou					
Natalie Barbosa						      |	Natalie Barbosa						     
Nataliya Nielsen					      |	Nataliya Nielsen					     
Natallia Sidi						      |	Natallia Sidi						     
Natasha Birgmark					      |	Natasha Birgmark					     
Nathalie Ionescu					      |	Nathalie Ionescu					     
Nathan Freixa						     	Nathan Freixa						     
Nathan Zhang						      |	Nathan Zhang						     
Natsumi Pohlak						      |	Natsumi Pohlak						     
Nazario Barrondo					      |	Nazario Barrondo					
Nazmi Patrikeev						      |	Nazmi Patrikeev						
							      <
Neil Kopp							Neil Kopp						
Neisha Liang						      |	Neisha Liang						
Nelly Rumjancevs					      |	Nelly Rumjancevs					     
							      <
							      <
Nestor Seric						     	Nestor Seric						     
Neymar Kaczor						      |	Neymar Kaczor						     
Nguse Byrne						      |	Nguse Byrne						     
Nguyen Ozolina-Kovala					      |	Nguyen Ozolina-Kovala					     
Nicholas Bithell					      |	Nicholas Bithell					     
Nicholas Howden						      |	Nicholas Howden						     
Nicholas Kudryashov					      |	Nicholas Kudryashov					
Nicholas Mitchell					      |	Nicholas Mitchell					     
Nick Osagie						      |	Nick Osagie						     
Nick Schodowski						      |	Nick Schodowski						     
Nicola Belikova						      |	Nicola Belikova						     
Nicolas Aranguiz					      |	Nicolas Aranguiz					     
Nicolas Carou						      |	Nicolas Carou						     
Nicolas Dotto						      |	Nicolas Dotto						     
Niki Batkovic						      |	Niki Batkovic						
Niki Grangeon						      |	Niki Grangeon						     
Niki Klimesova						      |	Niki Klimesova						     
Nikita Kirdyapkina					      |	Nikita Kirdyapkina					     
Niklas Donckers						      |	Niklas Donckers						
Nikola Zhang						      |	Nikola Zhang						     
							      <
							      <
Nikolaus Milatz							Nikolaus Milatz						
							      <
							      <
Nikolina Khuraskina					     	Nikolina Khuraskina					     
Nils Guzzetti						      |	Nils Guzzetti						
Nils Pascual						      |	Nils Pascual						     
Nina Sornoza						      |	Nina Sornoza						     
Ning Chen						      |	Ning Chen						     
Noraseela Podrazil					      |	Noraseela Podrazil					     
Norman Weltz						      |	Norman Weltz						     
							      |								     
							      |								     
Nourhan Benfeito					      |	Nourhan Benfeito					
Novak Solja						      |	Novak Solja						     
Nuno Rajabi						      |	Nuno Rajabi						     
Nur Beisel						      |	Nur Beisel						     
Odile Green						      |	Odile Green						     
Olena Krsmanovic					      |	Olena Krsmanovic					     
Olesya Nielsen						      |	Olesya Nielsen						     
Olesya Silnov						      |	Olesya Silnov						     
Olga Jones						      |	Olga Jones						     
Olga Lobuzov						      |	Olga Lobuzov						     
Olga Nguyen						      |	Olga Nguyen						     
Olga Schofield						      |	Olga Schofield						
							      <
							      <
							      <
							      <
Olha Lewis-Smallwood						Olha Lewis-Smallwood					
Olivier Zhang						      |	Olivier Zhang						     
Omar Atkinson						      |	Omar Atkinson						     
Omar Hurst						      |	Omar Hurst						     
Ondrej Houssaye						      |	Ondrej Houssaye						     
Ondrej Kitchens						      |	Ondrej Kitchens						     
Oriol Gonci						      |	Oriol Gonci						     
							      |								     
							      |								     
Paola Tai						      |	Paola Tai						
Par Awad						      |	Par Awad						     
Pascal Davaasukh					      |	Pascal Davaasukh					
							      |								     
Patricia Zhang						      |	Patricia Zhang						
Paul Khadjibekov					      |	Paul Khadjibekov					     
Paul Kitamoto						      |	Paul Kitamoto						     
Paul Tsakmakis						      |	Paul Tsakmakis						
Paula Darzi						      |	Paula Darzi						     
Paula Pamg						      |	Paula Pamg						
Paula Zhudina						      |	Paula Zhudina						     
Paulo Seric						      |	Paulo Seric						
Pavel Lambarki						      |	Pavel Lambarki						     
Pavel Lepron						      |	Pavel Lepron						     
Pavlo Stewart						      |	Pavlo Stewart						
							      |								     
							      |								     
Pawel Jensen						      |	Pawel Jensen						
Peng Kim						      |	Peng Kim						     
Petar Bauwens						      |	Petar Bauwens						     
							      |								     
							      |								     
							      |	Petar Dominguez						
Petar Dominguez						      |	Peter Gonzalez						     
Peter Gonzalez						      |	Peter Jang						
Peter Jang						      |	Peter Ochoa						     
Peter Ochoa						      |								     
							      |	Peter Sloma						
Peter Sloma						      |	Peter Wagner						     
Peter Wagner						      |	Peter Zyabkina						
Peter Zyabkina						      |	Petr Schiavone						     
Petr Schiavone						      |	Petr Vicaut						     
Petr Vicaut						      |	Petr Waterfield						     
Petr Waterfield						      |	Phelan Poulsen						     
Phelan Poulsen						      |	Phuttharaksa Signate					     
Phuttharaksa Signate					      |	Pierre-Alexis Valiyev					     
Pierre-Alexis Valiyev					      |	Pietro Walker						     
Pietro Walker						      |								     
							      |								     
							      |	Piotr Rabente						
Piotr Rabente						      |	Primoz Aubameyang					     
Primoz Aubameyang					      |	Princesa Firdasari					     
Princesa Firdasari					      |								     
							      |	Priscilla Chitu						
Priscilla Chitu						      |	Pui Na							     
Pui Na							      |	Rachel Burrows						     
Rachel Burrows						      |	Rachel Jelcic						     
Rachel Jelcic						      |	Radhouane Cawthorn					     
Radhouane Cawthorn					      |	Radhouane Klamer					     
Radhouane Klamer					      |	Radoslav Susanu						     
Radoslav Susanu						      |	Radoslaw Robles						     
Radoslaw Robles						      |	Radoslaw Sze						     
Radoslaw Sze						      |	Rafal Sidorov						     
Rafal Sidorov						      |	Rahman Carboncini					     
Rahman Carboncini					      |	Raissa Araya						     
Raissa Araya						      |	Rand Fanchette						     
Rand Fanchette						      |	Rand Gilot						     
Rand Gilot						      |	Raphaelle Batum						
Raphaelle Batum						      |	Rares Hsing						     
Rares Hsing						      |								     
							      |	Rasul Tichelt						
Rasul Tichelt						      |	Rattikan Prapakamol					     
Rattikan Prapakamol					      |	Raul Baumrtova						     
Raul Baumrtova						      |	Raul Hoshina						     
Raul Hoshina						      |	Raul Makanza						     
Raul Makanza						      |	Ravil Mokoena						
Ravil Mokoena						      |	Rebecca Gao						     
Rebecca Gao						      |	Rebecca Janic						     
Rebecca Janic						      |	Rebecca Ruta						
Rebecca Ruta						      |	Rebecca Simon						     
Rebecca Simon						      |	Reine Huertas						     
Reine Huertas						      |	Renal Boskovic						     
Renal Boskovic						      |	Rene Chen						
Rene Chen						      |	Rene Marques						     
Rene Marques						      |	Reza Egelstaff						
Reza Egelstaff						      |	Rhys Faber						     
Rhys Faber						      |	Richard Cremer						     
Richard Cremer						      |	Richard Kaniskina					     
Richard Kaniskina					      |	Richard Timofeeva					     
Richard Timofeeva					      |								     
							      |								     
							      |								     
							      |								     
							     								     
							      <
							     								     
							     								     
Rizlen Errigo							Rizlen Errigo						
							      |								     
Robbert Kanerva						      |	Robbert Kanerva						
Robert Choi						      |	Robert Choi						     
Robert Dent						      |	Robert Dent						
Robert Gan						      |	Robert Gan						     
Robert Mothersille					      |	Robert Mothersille					     
Robert Skrzypulec					      |	Robert Skrzypulec					
Roberta Callahan					      |	Roberta Callahan					     
Robin Vesely						     	Robin Vesely						     
Roc Bari						      |	Roc Bari						     
Roderick Huang						      |	Roderick Huang						     
Roderick Nagai							Roderick Nagai						
Rodrigo Burke						     	Rodrigo Burke						     
Rodrigo Santos						      |	Rodrigo Santos						     
Rodrigo Surgeloose					     	Rodrigo Surgeloose					     
Roel Garcia						      |	Roel Garcia						     
Ronja Marroquin						      |	Ronja Marroquin						     
							      <
							      <
							      <
							      <
							      <
							      <
Rosie Aydemir							Rosie Aydemir						
Rosie Fredricson					      |	Rosie Fredricson					     
Rosie Rapcewicz						      |	Rosie Rapcewicz						     
Ross Nakamura						      |	Ross Nakamura						     
Roxana Edoa						      |	Roxana Edoa						     
Rubie Sukhorukov					      |	Rubie Sukhorukov					
Rui Loukas						      |	Rui Loukas						     
Ruoqi Nowak						      |	Ruoqi Nowak						     
Rushlee Krsmanovic					      |	Rushlee Krsmanovic					     
Ryan Porter						      |	Ryan Porter						     
Ryan Pota						      |	Ryan Pota						
Ryan Prasad						      |	Ryan Prasad						
							      |								     
Ryosuke Ciglar						      |	Ryosuke Ciglar						
Ryunosuke Hagan						      |	Ryunosuke Hagan						     
Sabina Williams						      |	Sabina Williams						     
Sabrina Abily						      |	Sabrina Abily						     
Sabrina Burns						      |	Sabrina Burns						     
Sadio Chouiref						      |	Sadio Chouiref						
Sajjad Ulrich						      |	Sajjad Ulrich						
Salima Nakano						      |	Salima Nakano						     
Sally Fuamatu						      |	Sally Fuamatu						
Sanah Ye						      |	Sanah Ye						     
Sandrine Yumira						      |	Sandrine Yumira						     
							      |								     
							      |								     
							      |								     
							      |								     
							      |								     
Sangjin Hindes						      |	Sangjin Hindes						
							      |								     
Sanne Kuo						      |	Sanne Kuo						
Saori Kienhuis						      |	Saori Kienhuis						     
Sara Campbell						      |	Sara Campbell						     
							      |								     
							      |								     
							     								     
Sarah Dovgun							Sarah Dovgun						
Sarah Guzzetti						      |	Sarah Guzzetti						
Sarah Viudez						      |	Sarah Viudez						     
							      |								     
Sarah Zaidi						      |	Sarah Zaidi						
Sarolta Michelsen					      |	Sarolta Michelsen					     
Sarra Bainbridge					      |	Sarra Bainbridge					     
Sarra Larsen						      |	Sarra Larsen						
Schillonie Benaissa					      |	Schillonie Benaissa					     
							      |								     
							      <
Scott Klein							Scott Klein						
Sebastian Bayramov					      |	Sebastian Bayramov					     
Sebastian Drame						      |	Sebastian Drame						
Sebastian Gamera-Shmyrko				      |	Sebastian Gamera-Shmyrko				     
Sebastian Lelas						      |	Sebastian Lelas						     
Sebastian Makela-Nummela				      |	Sebastian Makela-Nummela				     
Sebastian Sorribes					      |	Sebastian Sorribes					     
Seen Flores						      |	Seen Flores						
Sehryne Akrout						      |	Sehryne Akrout						     
Seiya Railey						      |	Seiya Railey						     
Selim Karagoz						     	Selim Karagoz						     
Selim Tregaro						      |	Selim Tregaro						
							      |								     
							     								     
Seoyeong Montoya						Seoyeong Montoya					
Ser-Od He						      |	Ser-Od He						     
Sergej Yli-Kiikka					      |	Sergej Yli-Kiikka					
Sergey Abalo						      |	Sergey Abalo						     
Sergey Barachet						      |	Sergey Barachet						     
Sergio Ivankovic					      |	Sergio Ivankovic					     
Serhiy Robinson						      |	Serhiy Robinson						     
Seyha Balogh						      |	Seyha Balogh						     
Shana Halsall						      |	Shana Halsall						     
Shane Wu						      |	Shane Wu						     
Shannon Lapeyre						      |	Shannon Lapeyre						     
Shara Green						      |	Shara Green						     
Shaunae Stoney						      |	Shaunae Stoney						     
Sheng Romdhane						      |	Sheng Romdhane						     
							      |								     
							      |								     
							      |								     
							      |								     
							      |								     
							      |								     
							      |								     
							      |	Shiho Berkel						
							      |								     
Shiho Berkel						      |	Shijia Conway						
							      |	Shinta Gong						     
Shijia Conway						      |	Shota Michta						     
Shinta Gong						      |								     
Shota Michta						      |	Shuai Muttai						
							      |	Shuai Sudarava						     
Shuai Muttai						      |	Shuang Cabrera						
Shuai Sudarava						      |	Shuo Emmanuel						     
Shuang Cabrera						      |	Sibusiso Yudin						     
Shuo Emmanuel						      |	Sidni Sze						     
Sibusiso Yudin						      |	Siham SCHIMAK						     
Sidni Sze						      <
Siham SCHIMAK						      <
Silke Nam							Silke Nam						
Silvana Erickson					      |	Silvana Erickson					     
Silvia Chaika						      |	Silvia Chaika						     
Silvia Konukh						      |	Silvia Konukh						     
Silvia Nakamoto						      |	Silvia Nakamoto						
Silviya Elaisa						      |	Silviya Elaisa						     
Silviya Saholinirina					      |	Silviya Saholinirina					     
Simas Takahashi						      |	Simas Takahashi						
Simon Alphen						      |	Simon Alphen						     
Simon Martinez						      |	Simon Martinez						     
Simone Abrantes						      |	Simone Abrantes						     
Simone Morin						      |	Simone Morin						     
Sinta Denisov						      |	Sinta Denisov						     
Slobodan Meliakh					      |	Slobodan Meliakh					     
Slobodan White						      |	Slobodan White						     
Snjezana Hostetler					      |	Snjezana Hostetler					     
Sofya Mortelette					      |	Sofya Mortelette					     
Sonata Raif							Sonata Raif						
							      |								     
Sonja Ide							Sonja Ide						
Sophie Ahmadov						      |	Sophie Ahmadov						
							      |								     
Soufiane Odumosu					      |	Soufiane Odumosu					
							      |								     
							      |								     
Stanislav Cherobon-Bawcom				      |	Stanislav Cherobon-Bawcom				
Stefan Li						      |	Stefan Li						     
Stefan Noonan						      |	Stefan Noonan						
Stefanie Thi						      |	Stefanie Thi						     
							      <
							      <
Stephanie Adlington						Stephanie Adlington					
Stephanie Comas						      |	Stephanie Comas						     
Stephanie Kieng						      |	Stephanie Kieng						     
Stephanie Piasecki					      |	Stephanie Piasecki					     
Steven Solomon						      |	Steven Solomon						     
Sultan Wilson						      |	Sultan Wilson						     
Susan Bluman						      |	Susan Bluman						     
Susana Neymour						      |	Susana Neymour						     
Sutiya Kida						      |	Sutiya Kida						     
Suzanne Silva						      |	Suzanne Silva						     
Suzanne Viguier						      |	Suzanne Viguier						     
Sverre Dawkins						      |	Sverre Dawkins						     
Svetlana Dieke						      |	Svetlana Dieke						     
Sviatlana Yin						      |	Sviatlana Yin						     
Sylwia Kiss						      |	Sylwia Kiss						     
							      |								     
							      |								     
							      |								     
							      |								     
							      |								     
							      |	Szabolcs Culley						
							      |	Taehee Bondaruk						     
Szabolcs Culley						      <
Taehee Bondaruk						      <
Takamasa Kasa							Takamasa Kasa						
Tamara Cafaro							Tamara Cafaro						
							     								     
Tamas Guo						      |	Tamas Guo						
Tamir Fazekas						      |	Tamir Fazekas						     
Taoufik Geziry						      |	Taoufik Geziry						     
Tapio Gorman						      |	Tapio Gorman						     
Tarek Luis						      |	Tarek Luis						     
Tarik Atangana						      |	Tarik Atangana						     
Tassia Grotowski					      |	Tassia Grotowski					     
							      <
Tate Zucchetti						     	Tate Zucchetti						     
Tatyana Mitrovic					      |	Tatyana Mitrovic					
Tatyana Wang						      |	Tatyana Wang						     
Tavevele Kelly						      |	Tavevele Kelly						     
Telma Andrunache					      |	Telma Andrunache					     
Teodor Wilson						      |	Teodor Wilson						     
Teresa Jing						      |	Teresa Jing						     
Teresa Kim						      |	Teresa Kim						     
Tervel Pilipenko					      |	Tervel Pilipenko					     
Thais Mihalache						      |	Thais Mihalache						     
Theodora Conway						      |	Theodora Conway						
Thi Kostadinov							Thi Kostadinov						
Thiago Bruno						     	Thiago Bruno						     
Thierry Ortiz						      |	Thierry Ortiz						     
Thomas Antonov							Thomas Antonov						
Thomas Doder						      |	Thomas Doder						     
Thomas Grubbstrom					      |	Thomas Grubbstrom					     
Thomas Song						      |	Thomas Song						     
Thuraia Voytekhovich					      |	Thuraia Voytekhovich					     
Tian Abdvali						      |	Tian Abdvali						     
							      <
Tianyi Boughanmi					     	Tianyi Boughanmi					     
Tilak Costa						      |	Tilak Costa						     
Tim Bernado						      |	Tim Bernado						     
Tim Mankoc						      |	Tim Mankoc						
Tim Phillips						     	Tim Phillips						     
Timm Augustyn						      |	Timm Augustyn						
Timo Caglar						      |	Timo Caglar						     
Timothy Francisca					     	Timothy Francisca					     
Timothy Goffin							Timothy Goffin						
Timothy Li						      |	Timothy Li						
Tina Boidin						      |	Tina Boidin						
Tina Imboden						      |	Tina Imboden						     
Tina Ipsen						      |	Tina Ipsen						     
Tina Lim						      |	Tina Lim						     
Tina Ortiz						      |	Tina Ortiz						
Tina Susanu						      |	Tina Susanu						     
Tina Teutenberg						      |	Tina Teutenberg						
Tinne Campriani						      |	Tinne Campriani						
Todd Kalmer						      |	Todd Kalmer						     
Todor Hernandez						      |	Todor Hernandez						     
Toea Robert-Michon					      |	Toea Robert-Michon					     
Tomasz Lanzone						      |	Tomasz Lanzone						     
Toni Shevchenko						      |	Toni Shevchenko						     
							      |								     
							      |								     
							      |								     
Traian Chen						      |	Traian Chen						
Travis Hammadi						      |	Travis Hammadi						     
Travis Ponsana						      |	Travis Ponsana						     
Tugce Vozakova						      |	Tugce Vozakova						     
Tyler Borisenko						      |	Tyler Borisenko						     
Tyler Marennikova					      |	Tyler Marennikova					     
Ubaldina Ziegler					      |	Ubaldina Ziegler					     
							      <
Urs Kim								Urs Kim							
Urska Fijalek						     	Urska Fijalek						     
Ursula Ward						      |	Ursula Ward						     
Uvis Fuchs						      |	Uvis Fuchs						     
Vaclav Mustapa						      |	Vaclav Mustapa						     
Valentyna Townsend					      |	Valentyna Townsend					     
Valerie Penezic						      |	Valerie Penezic						
Vasyl Geijer						      |	Vasyl Geijer						     
							      >								     
							      >								     
							     								     
							     								     
							      <
							     								     
							     								     
							      <
Vera Sene							Vera Sene						
Veronika Erichsen					      |	Veronika Erichsen					     
Veronika Wruck						      |	Veronika Wruck						     
Victor Kondo						      |	Victor Kondo						     
Victoria Abarhoun					      |	Victoria Abarhoun					     
Viktor Bielecki						      |	Viktor Bielecki						     
Viktor Lamdassem					      |	Viktor Lamdassem					     
Viktor McLaughlin					      |	Viktor McLaughlin					     
Viktor Michshuk						      |	Viktor Michshuk						
Viktor Rangelova					      |	Viktor Rangelova					
Viktor Santos						      |	Viktor Santos						     
							      |								     
Viktoriia Mathlouthi					      |	Viktoriia Mathlouthi					
Viktorya Schmidt					      |	Viktorya Schmidt					     
Vincent Krsmanovic					      |	Vincent Krsmanovic					     
Vincent Lawrence					      |	Vincent Lawrence					     
							      |								     
							      |								     
							      |	Viorica Schwarzkopf					
							      |	Vladimer Sorokina					     
Viorica Schwarzkopf					      |	Vladimir Khousrof					     
Vladimer Sorokina					      |	Vladimir King						     
Vladimir Khousrof					      |	Volha Mahfizur						     
Vladimir King						      |	Volha Otsuka						     
Volha Mahfizur						      |	Wai Schoeman						     
Volha Otsuka						      |	Wallace Mejri						     
Wai Schoeman						      |	Wassim Matsumoto					     
Wallace Mejri						      |	Wei Hazard						     
Wassim Matsumoto					      |	Wenjun Taimsoo						     
Wei Hazard						      |	Werner Totrov						     
Wenjun Taimsoo						      |								     
Werner Totrov						      |								     
							      |	Wesley Meftah						
							      |	Wesley Truppa						     
Wesley Meftah						      |	Westley Tatalashvili					
Wesley Truppa						      |	Will Mehmedovic						     
Westley Tatalashvili					      |	William Bindrich					     
Will Mehmedovic						      |	William Polavder					     
William Bindrich					      |	William Vicaut						     
William Polavder					      |	Wilson Sauvage						     
William Vicaut						      |	Woroud Baroukh						     
Wilson Sauvage						      |	Wouter Brennauer					
Woroud Baroukh						      |	Xavier Cox						
Wouter Brennauer					      |	Xavier Hayashi						     
Xavier Cox						      |	Xiangrong Palmer					     
Xavier Hayashi						      |								     
Xiangrong Palmer					      |								     
							      |								     
							      |	Xiaoxu Cardoso						
							      |	Xiayan Harden						     
Xiaoxu Cardoso						      <
Xiayan Harden						      <
							      <
							      <
							      <
							      <
							      <
							      <
							      <
							      <
							      <
							      <
Xin Cuddihy						     	Xin Cuddihy						     
							      <
Xuanxu Barnard							Xuanxu Barnard						
Xueying Hillmann					      |	Xueying Hillmann					     
Yadira Marghiev							Yadira Marghiev						
Yage Bruno						      |	Yage Bruno						     
							      <
Yakhouba Garcia						      <
Yanmei Matkowski					      <
							      <
							     								     
							      >	Yakhouba Garcia						
							      >	Yanmei Matkowski					     
							     								     
Yasemin Cavela						      |								     
							      >								     
							      >	Yasemin Cavela						
Yasmin Brathwaite						Yasmin Brathwaite					
Yasmin Soliman						     	Yasmin Soliman						     
Yasser Pannecoucke					      |	Yasser Pannecoucke					     
Yassine Bazzoni						      |	Yassine Bazzoni						     
Yawei Fourie						      |	Yawei Fourie						     
Yayoi Buckman						      |	Yayoi Buckman						     
Ye Fitzgerald						      |	Ye Fitzgerald						     
Yifang Jang						      |	Yifang Jang						     
Yifang Narcisse						      |	Yifang Narcisse						     
Yige Rhodes						      |	Yige Rhodes						     
Yihua Grunsven						      |	Yihua Grunsven						
							      |								     
Yimeng Amaris						      |	Yimeng Amaris						
							      |								     
							      |								     
							      |								     
							      |								     
							      |								     
							      |								     
Younghui Karasek					      |	Younghui Karasek					
Yu Chinnawong						      |	Yu Chinnawong						
Yu Sakaguchi							Yu Sakaguchi						
Yuderqui Mrak						     	Yuderqui Mrak						     
Yuderqui Sahutoglu					      |	Yuderqui Sahutoglu					     
Yue Zargari						      |	Yue Zargari						
Yugo Sesum						      |	Yugo Sesum						     
Yukiko Nicolai						      |	Yukiko Nicolai						     
Yulia Hostetler						      |	Yulia Hostetler						     
Yuliya Gomes						      |	Yuliya Gomes						     
Yumeka Cipressi						      |	Yumeka Cipressi						     
							      |								     
Yumeka Guo						      |	Yumeka Guo						
Yumi Buerge						      |	Yumi Buerge						     
Zac Ashwood						      |	Zac Ashwood						     
Zakari Isakov						      |	Zakari Isakov						     
Zakia Zhurauliou					      |	Zakia Zhurauliou					     
							      |								     
Zamandosi Chuang					      |	Zamandosi Chuang					
Zamandosi Flood						      |	Zamandosi Flood						
Zara Jung						      |	Zara Jung						     
Zara Luvsanlundeg					      |	Zara Luvsanlundeg					     
Zargo Dehesa						      |	Zargo Dehesa						     
Zhe Hochstrasser					      |	Zhe Hochstrasser					     
Zhiwen Piron						      |	Zhiwen Piron						     
Zhuldyz Hoxha						      |	Zhuldyz Hoxha						     
Zi McColgan						      |	Zi McColgan						     
Zicheng Bardis						      |	Zicheng Bardis						     
Zied Rumjancevs						      |	Zied Rumjancevs						     
Zohar Iwashimizu					      |	Zohar Iwashimizu					     
Zouhair Ri							Zouhair Ri						
Zsuzsanna Hodge						      |	Zsuzsanna Hodge						
Zurabi Lunkuse						      |	Zurabi Lunkuse						     
